"id","citizen_id","license_number","class_code","issue_date","expiry_date","status","issued_by_station_id"
"1","1","4000000001","A","5/8/2021 12:00:00 AM","5/8/2026 12:00:00 AM","EXPIRED","1"
"2","2","4000000002","B","8/21/2024 12:00:00 AM","8/21/2029 12:00:00 AM","ACTIVE","2"
"3","3","4000000003","C","1/13/2024 12:00:00 AM","1/13/2029 12:00:00 AM","ACTIVE","3"
"4","4","4000000004","D","10/7/2022 12:00:00 AM","10/7/2027 12:00:00 AM","ACTIVE","4"
"5","5","4000000005","A","10/31/2024 12:00:00 AM","10/31/2029 12:00:00 AM","ACTIVE","5"
"6","6","4000000006","B","5/5/2022 12:00:00 AM","5/5/2027 12:00:00 AM","ACTIVE","6"
"7","7","4000000007","C","5/13/2019 12:00:00 AM","5/13/2024 12:00:00 AM","EXPIRED","7"
"8","8","4000000008","D","2/20/2024 12:00:00 AM","2/20/2029 12:00:00 AM","ACTIVE","8"
"9","9","4000000009","A","3/26/2023 12:00:00 AM","3/26/2028 12:00:00 AM","ACTIVE","9"
"10","10","4000000010","B","12/26/2020 12:00:00 AM","12/26/2025 12:00:00 AM","EXPIRED","10"
"11","11","4000000011","C","8/19/2022 12:00:00 AM","8/19/2027 12:00:00 AM","ACTIVE","11"
"12","12","4000000012","D","1/1/2020 12:00:00 AM","1/1/2025 12:00:00 AM","EXPIRED","12"
"13","13","4000000013","A","12/2/2024 12:00:00 AM","12/2/2029 12:00:00 AM","ACTIVE","13"
"14","14","4000000014","B","10/7/2021 12:00:00 AM","10/7/2026 12:00:00 AM","ACTIVE","14"
"15","15","4000000015","C","1/27/2021 12:00:00 AM","1/27/2026 12:00:00 AM","EXPIRED","15"
"16","16","4000000016","D","3/12/2023 12:00:00 AM","3/12/2028 12:00:00 AM","ACTIVE","16"
"17","17","4000000017","A","11/1/2023 12:00:00 AM","11/1/2028 12:00:00 AM","ACTIVE","17"
"18","18","4000000018","B","10/7/2023 12:00:00 AM","10/7/2028 12:00:00 AM","ACTIVE","18"
"19","19","4000000019","C","12/4/2022 12:00:00 AM","12/4/2027 12:00:00 AM","ACTIVE","19"
"20","20","4000000020","D","10/14/2024 12:00:00 AM","10/14/2029 12:00:00 AM","ACTIVE","20"
"21","21","4000000021","A","12/4/2019 12:00:00 AM","12/4/2024 12:00:00 AM","EXPIRED","1"
"22","22","4000000022","B","3/14/2021 12:00:00 AM","3/14/2026 12:00:00 AM","EXPIRED","2"
"23","23","4000000023","C","9/10/2023 12:00:00 AM","9/10/2028 12:00:00 AM","ACTIVE","3"
"24","24","4000000024","D","2/1/2022 12:00:00 AM","2/1/2027 12:00:00 AM","ACTIVE","4"
"25","25","4000000025","A","7/15/2023 12:00:00 AM","7/15/2028 12:00:00 AM","ACTIVE","5"
"26","26","4000000026","B","10/26/2020 12:00:00 AM","10/26/2025 12:00:00 AM","EXPIRED","6"
"27","27","4000000027","C","11/27/2019 12:00:00 AM","11/27/2024 12:00:00 AM","EXPIRED","7"
"28","28","4000000028","D","10/7/2023 12:00:00 AM","10/7/2028 12:00:00 AM","ACTIVE","8"
"29","29","4000000029","A","9/30/2021 12:00:00 AM","9/30/2026 12:00:00 AM","ACTIVE","9"
"30","30","4000000030","B","7/25/2023 12:00:00 AM","7/25/2028 12:00:00 AM","ACTIVE","10"
"31","31","4000000031","C","12/3/2024 12:00:00 AM","12/3/2029 12:00:00 AM","ACTIVE","11"
"32","32","4000000032","D","5/11/2020 12:00:00 AM","5/11/2025 12:00:00 AM","EXPIRED","12"
"33","33","4000000033","A","4/30/2020 12:00:00 AM","4/30/2025 12:00:00 AM","EXPIRED","13"
"34","34","4000000034","B","4/3/2021 12:00:00 AM","4/3/2026 12:00:00 AM","EXPIRED","14"
"35","35","4000000035","C","12/8/2023 12:00:00 AM","12/8/2028 12:00:00 AM","ACTIVE","15"
"36","36","4000000036","D","6/16/2023 12:00:00 AM","6/16/2028 12:00:00 AM","ACTIVE","16"
"37","37","4000000037","A","1/2/2019 12:00:00 AM","1/2/2024 12:00:00 AM","EXPIRED","17"
"38","38","4000000038","B","9/10/2022 12:00:00 AM","9/10/2027 12:00:00 AM","ACTIVE","18"
"39","39","4000000039","C","1/13/2019 12:00:00 AM","1/13/2024 12:00:00 AM","EXPIRED","19"
"40","40","4000000040","D","1/24/2021 12:00:00 AM","1/24/2026 12:00:00 AM","EXPIRED","20"
"41","41","4000000041","A","8/26/2023 12:00:00 AM","8/26/2028 12:00:00 AM","ACTIVE","1"
"42","42","4000000042","B","3/16/2022 12:00:00 AM","3/16/2027 12:00:00 AM","ACTIVE","2"
"43","43","4000000043","C","8/30/2022 12:00:00 AM","8/30/2027 12:00:00 AM","ACTIVE","3"
"44","44","4000000044","D","1/14/2022 12:00:00 AM","1/14/2027 12:00:00 AM","ACTIVE","4"
"45","45","4000000045","A","7/25/2021 12:00:00 AM","7/25/2026 12:00:00 AM","ACTIVE","5"
"46","46","4000000046","B","12/24/2024 12:00:00 AM","12/24/2029 12:00:00 AM","ACTIVE","6"
"47","47","4000000047","C","5/20/2019 12:00:00 AM","5/20/2024 12:00:00 AM","EXPIRED","7"
"48","48","4000000048","D","6/5/2021 12:00:00 AM","6/5/2026 12:00:00 AM","EXPIRED","8"
"49","49","4000000049","A","6/7/2023 12:00:00 AM","6/7/2028 12:00:00 AM","ACTIVE","9"
"50","50","4000000050","B","7/12/2024 12:00:00 AM","7/12/2029 12:00:00 AM","ACTIVE","10"
"51","51","4000000051","C","5/2/2020 12:00:00 AM","5/2/2025 12:00:00 AM","EXPIRED","11"
"52","52","4000000052","D","9/29/2022 12:00:00 AM","9/29/2027 12:00:00 AM","ACTIVE","12"
"53","53","4000000053","A","2/5/2020 12:00:00 AM","2/5/2025 12:00:00 AM","EXPIRED","13"
"54","54","4000000054","B","9/28/2023 12:00:00 AM","9/28/2028 12:00:00 AM","ACTIVE","14"
"55","55","4000000055","C","2/19/2020 12:00:00 AM","2/19/2025 12:00:00 AM","EXPIRED","15"
"56","56","4000000056","D","2/25/2019 12:00:00 AM","2/25/2024 12:00:00 AM","EXPIRED","16"
"57","57","4000000057","A","12/12/2019 12:00:00 AM","12/12/2024 12:00:00 AM","EXPIRED","17"
"58","58","4000000058","B","12/12/2020 12:00:00 AM","12/12/2025 12:00:00 AM","EXPIRED","18"
"59","59","4000000059","C","4/3/2024 12:00:00 AM","4/3/2029 12:00:00 AM","ACTIVE","19"
"60","60","4000000060","D","1/5/2023 12:00:00 AM","1/5/2028 12:00:00 AM","ACTIVE","20"
"61","61","4000000061","A","6/8/2021 12:00:00 AM","6/8/2026 12:00:00 AM","EXPIRED","1"
"62","62","4000000062","B","8/14/2020 12:00:00 AM","8/14/2025 12:00:00 AM","EXPIRED","2"
"63","63","4000000063","C","5/22/2021 12:00:00 AM","5/22/2026 12:00:00 AM","EXPIRED","3"
"64","64","4000000064","D","9/9/2024 12:00:00 AM","9/9/2029 12:00:00 AM","ACTIVE","4"
"65","65","4000000065","A","2/1/2021 12:00:00 AM","2/1/2026 12:00:00 AM","EXPIRED","5"
"66","66","4000000066","B","4/9/2021 12:00:00 AM","4/9/2026 12:00:00 AM","EXPIRED","6"
"67","67","4000000067","C","9/10/2024 12:00:00 AM","9/10/2029 12:00:00 AM","ACTIVE","7"
"68","68","4000000068","D","9/1/2022 12:00:00 AM","9/1/2027 12:00:00 AM","ACTIVE","8"
"69","69","4000000069","A","11/9/2022 12:00:00 AM","11/9/2027 12:00:00 AM","ACTIVE","9"
"70","70","4000000070","B","8/23/2022 12:00:00 AM","8/23/2027 12:00:00 AM","ACTIVE","10"
"71","71","4000000071","C","3/11/2023 12:00:00 AM","3/11/2028 12:00:00 AM","ACTIVE","11"
"72","72","4000000072","D","2/21/2020 12:00:00 AM","2/21/2025 12:00:00 AM","EXPIRED","12"
"73","73","4000000073","A","9/24/2023 12:00:00 AM","9/24/2028 12:00:00 AM","ACTIVE","13"
"74","74","4000000074","B","11/9/2020 12:00:00 AM","11/9/2025 12:00:00 AM","EXPIRED","14"
"75","75","4000000075","C","2/19/2020 12:00:00 AM","2/19/2025 12:00:00 AM","EXPIRED","15"
"76","76","4000000076","D","9/28/2022 12:00:00 AM","9/28/2027 12:00:00 AM","ACTIVE","16"
"77","77","4000000077","A","7/25/2023 12:00:00 AM","7/25/2028 12:00:00 AM","ACTIVE","17"
"78","78","4000000078","B","8/27/2020 12:00:00 AM","8/27/2025 12:00:00 AM","EXPIRED","18"
"79","79","4000000079","C","7/10/2019 12:00:00 AM","7/10/2024 12:00:00 AM","EXPIRED","19"
"80","80","4000000080","D","7/30/2023 12:00:00 AM","7/30/2028 12:00:00 AM","ACTIVE","20"
"81","81","4000000081","A","6/9/2020 12:00:00 AM","6/9/2025 12:00:00 AM","EXPIRED","1"
"82","82","4000000082","B","7/2/2023 12:00:00 AM","7/2/2028 12:00:00 AM","ACTIVE","2"
"83","83","4000000083","C","5/3/2019 12:00:00 AM","5/3/2024 12:00:00 AM","EXPIRED","3"
"84","84","4000000084","D","3/29/2022 12:00:00 AM","3/29/2027 12:00:00 AM","ACTIVE","4"
"85","85","4000000085","A","3/25/2022 12:00:00 AM","3/25/2027 12:00:00 AM","ACTIVE","5"
"86","86","4000000086","B","3/6/2021 12:00:00 AM","3/6/2026 12:00:00 AM","EXPIRED","6"
"87","87","4000000087","C","4/6/2019 12:00:00 AM","4/6/2024 12:00:00 AM","EXPIRED","7"
"88","88","4000000088","D","8/12/2021 12:00:00 AM","8/12/2026 12:00:00 AM","ACTIVE","8"
"89","89","4000000089","A","2/13/2020 12:00:00 AM","2/13/2025 12:00:00 AM","EXPIRED","9"
"90","90","4000000090","B","10/13/2023 12:00:00 AM","10/13/2028 12:00:00 AM","ACTIVE","10"
"91","91","4000000091","C","7/6/2022 12:00:00 AM","7/6/2027 12:00:00 AM","ACTIVE","11"
"92","92","4000000092","D","1/29/2023 12:00:00 AM","1/29/2028 12:00:00 AM","ACTIVE","12"
"93","93","4000000093","A","6/18/2023 12:00:00 AM","6/18/2028 12:00:00 AM","ACTIVE","13"
"94","94","4000000094","B","1/16/2021 12:00:00 AM","1/16/2026 12:00:00 AM","EXPIRED","14"
"95","95","4000000095","C","8/26/2024 12:00:00 AM","8/26/2029 12:00:00 AM","ACTIVE","15"
"96","96","4000000096","D","1/11/2022 12:00:00 AM","1/11/2027 12:00:00 AM","ACTIVE","16"
"97","97","4000000097","A","10/25/2019 12:00:00 AM","10/25/2024 12:00:00 AM","EXPIRED","17"
"98","98","4000000098","B","12/29/2022 12:00:00 AM","12/29/2027 12:00:00 AM","ACTIVE","18"
"99","99","4000000099","C","12/13/2019 12:00:00 AM","12/13/2024 12:00:00 AM","EXPIRED","19"
"100","100","4000000100","D","4/17/2019 12:00:00 AM","4/17/2024 12:00:00 AM","EXPIRED","20"
"101","101","4000000101","A","4/15/2019 12:00:00 AM","4/15/2024 12:00:00 AM","EXPIRED","1"
"102","102","4000000102","B","9/26/2021 12:00:00 AM","9/26/2026 12:00:00 AM","ACTIVE","2"
"103","103","4000000103","C","8/6/2023 12:00:00 AM","8/6/2028 12:00:00 AM","ACTIVE","3"
"104","104","4000000104","D","10/16/2019 12:00:00 AM","10/16/2024 12:00:00 AM","EXPIRED","4"
"105","105","4000000105","A","5/3/2020 12:00:00 AM","5/3/2025 12:00:00 AM","EXPIRED","5"
"106","106","4000000106","B","3/12/2019 12:00:00 AM","3/12/2024 12:00:00 AM","EXPIRED","6"
"107","107","4000000107","C","1/14/2024 12:00:00 AM","1/14/2029 12:00:00 AM","ACTIVE","7"
"108","108","4000000108","D","4/6/2024 12:00:00 AM","4/6/2029 12:00:00 AM","ACTIVE","8"
"109","109","4000000109","A","8/9/2022 12:00:00 AM","8/9/2027 12:00:00 AM","ACTIVE","9"
"110","110","4000000110","B","6/1/2022 12:00:00 AM","6/1/2027 12:00:00 AM","ACTIVE","10"
"111","111","4000000111","C","8/12/2020 12:00:00 AM","8/12/2025 12:00:00 AM","EXPIRED","11"
"112","112","4000000112","D","4/24/2024 12:00:00 AM","4/24/2029 12:00:00 AM","ACTIVE","12"
"113","113","4000000113","A","6/5/2020 12:00:00 AM","6/5/2025 12:00:00 AM","EXPIRED","13"
"114","114","4000000114","B","9/5/2019 12:00:00 AM","9/5/2024 12:00:00 AM","EXPIRED","14"
"115","115","4000000115","C","7/29/2021 12:00:00 AM","7/29/2026 12:00:00 AM","ACTIVE","15"
"116","116","4000000116","D","12/17/2022 12:00:00 AM","12/17/2027 12:00:00 AM","ACTIVE","16"
"117","117","4000000117","A","4/14/2020 12:00:00 AM","4/14/2025 12:00:00 AM","EXPIRED","17"
"118","118","4000000118","B","3/4/2024 12:00:00 AM","3/4/2029 12:00:00 AM","ACTIVE","18"
"119","119","4000000119","C","6/18/2021 12:00:00 AM","6/18/2026 12:00:00 AM","EXPIRED","19"
"120","120","4000000120","D","12/6/2024 12:00:00 AM","12/6/2029 12:00:00 AM","ACTIVE","20"
"121","121","4000000121","A","1/4/2021 12:00:00 AM","1/4/2026 12:00:00 AM","EXPIRED","1"
"122","122","4000000122","B","1/30/2022 12:00:00 AM","1/30/2027 12:00:00 AM","ACTIVE","2"
"123","123","4000000123","C","7/19/2021 12:00:00 AM","7/19/2026 12:00:00 AM","ACTIVE","3"
"124","124","4000000124","D","2/5/2024 12:00:00 AM","2/5/2029 12:00:00 AM","ACTIVE","4"
"125","125","4000000125","A","2/17/2019 12:00:00 AM","2/17/2024 12:00:00 AM","EXPIRED","5"
"126","126","4000000126","B","2/11/2019 12:00:00 AM","2/11/2024 12:00:00 AM","EXPIRED","6"
"127","127","4000000127","C","9/14/2021 12:00:00 AM","9/14/2026 12:00:00 AM","ACTIVE","7"
"128","128","4000000128","D","9/8/2021 12:00:00 AM","9/8/2026 12:00:00 AM","ACTIVE","8"
"129","129","4000000129","A","3/24/2021 12:00:00 AM","3/24/2026 12:00:00 AM","EXPIRED","9"
"130","130","4000000130","B","2/17/2023 12:00:00 AM","2/17/2028 12:00:00 AM","ACTIVE","10"
"131","131","4000000131","C","12/5/2021 12:00:00 AM","12/5/2026 12:00:00 AM","ACTIVE","11"
"132","132","4000000132","D","7/28/2019 12:00:00 AM","7/28/2024 12:00:00 AM","EXPIRED","12"
"133","133","4000000133","A","9/15/2019 12:00:00 AM","9/15/2024 12:00:00 AM","EXPIRED","13"
"134","134","4000000134","B","3/25/2019 12:00:00 AM","3/25/2024 12:00:00 AM","EXPIRED","14"
"135","135","4000000135","C","4/16/2023 12:00:00 AM","4/16/2028 12:00:00 AM","ACTIVE","15"
"136","136","4000000136","D","9/22/2023 12:00:00 AM","9/22/2028 12:00:00 AM","ACTIVE","16"
"137","137","4000000137","A","12/5/2024 12:00:00 AM","12/5/2029 12:00:00 AM","ACTIVE","17"
"138","138","4000000138","B","7/27/2024 12:00:00 AM","7/27/2029 12:00:00 AM","ACTIVE","18"
"139","139","4000000139","C","11/25/2020 12:00:00 AM","11/25/2025 12:00:00 AM","EXPIRED","19"
"140","140","4000000140","D","1/13/2022 12:00:00 AM","1/13/2027 12:00:00 AM","ACTIVE","20"
"141","141","4000000141","A","3/1/2022 12:00:00 AM","3/1/2027 12:00:00 AM","ACTIVE","1"
"142","142","4000000142","B","1/8/2020 12:00:00 AM","1/8/2025 12:00:00 AM","EXPIRED","2"
"143","143","4000000143","C","1/12/2024 12:00:00 AM","1/12/2029 12:00:00 AM","ACTIVE","3"
"144","144","4000000144","D","9/22/2022 12:00:00 AM","9/22/2027 12:00:00 AM","ACTIVE","4"
"145","145","4000000145","A","3/3/2022 12:00:00 AM","3/3/2027 12:00:00 AM","ACTIVE","5"
"146","146","4000000146","B","3/22/2023 12:00:00 AM","3/22/2028 12:00:00 AM","ACTIVE","6"
"147","147","4000000147","C","8/25/2021 12:00:00 AM","8/25/2026 12:00:00 AM","ACTIVE","7"
"148","148","4000000148","D","10/13/2022 12:00:00 AM","10/13/2027 12:00:00 AM","ACTIVE","8"
"149","149","4000000149","A","6/28/2024 12:00:00 AM","6/28/2029 12:00:00 AM","ACTIVE","9"
"150","150","4000000150","B","9/10/2020 12:00:00 AM","9/10/2025 12:00:00 AM","EXPIRED","10"
"151","151","4000000151","C","9/29/2020 12:00:00 AM","9/29/2025 12:00:00 AM","EXPIRED","11"
"152","152","4000000152","D","8/31/2020 12:00:00 AM","8/31/2025 12:00:00 AM","EXPIRED","12"
"153","153","4000000153","A","7/12/2020 12:00:00 AM","7/12/2025 12:00:00 AM","EXPIRED","13"
"154","154","4000000154","B","1/16/2020 12:00:00 AM","1/16/2025 12:00:00 AM","EXPIRED","14"
"155","155","4000000155","C","4/22/2023 12:00:00 AM","4/22/2028 12:00:00 AM","ACTIVE","15"
"156","156","4000000156","D","3/25/2022 12:00:00 AM","3/25/2027 12:00:00 AM","ACTIVE","16"
"157","157","4000000157","A","3/10/2019 12:00:00 AM","3/10/2024 12:00:00 AM","EXPIRED","17"
"158","158","4000000158","B","7/9/2024 12:00:00 AM","7/9/2029 12:00:00 AM","ACTIVE","18"
"159","159","4000000159","C","8/29/2019 12:00:00 AM","8/29/2024 12:00:00 AM","EXPIRED","19"
"160","160","4000000160","D","3/23/2020 12:00:00 AM","3/23/2025 12:00:00 AM","EXPIRED","20"
"161","161","4000000161","A","7/7/2022 12:00:00 AM","7/7/2027 12:00:00 AM","ACTIVE","1"
"162","162","4000000162","B","5/8/2021 12:00:00 AM","5/8/2026 12:00:00 AM","EXPIRED","2"
"163","163","4000000163","C","1/13/2022 12:00:00 AM","1/13/2027 12:00:00 AM","ACTIVE","3"
"164","164","4000000164","D","7/1/2024 12:00:00 AM","7/1/2029 12:00:00 AM","ACTIVE","4"
"165","165","4000000165","A","6/28/2019 12:00:00 AM","6/28/2024 12:00:00 AM","EXPIRED","5"
"166","166","4000000166","B","1/17/2020 12:00:00 AM","1/17/2025 12:00:00 AM","EXPIRED","6"
"167","167","4000000167","C","8/11/2023 12:00:00 AM","8/11/2028 12:00:00 AM","ACTIVE","7"
"168","168","4000000168","D","3/14/2020 12:00:00 AM","3/14/2025 12:00:00 AM","EXPIRED","8"
"169","169","4000000169","A","5/30/2021 12:00:00 AM","5/30/2026 12:00:00 AM","EXPIRED","9"
"170","170","4000000170","B","11/16/2022 12:00:00 AM","11/16/2027 12:00:00 AM","ACTIVE","10"
"171","171","4000000171","C","1/21/2023 12:00:00 AM","1/21/2028 12:00:00 AM","ACTIVE","11"
"172","172","4000000172","D","9/26/2020 12:00:00 AM","9/26/2025 12:00:00 AM","EXPIRED","12"
"173","173","4000000173","A","4/9/2022 12:00:00 AM","4/9/2027 12:00:00 AM","ACTIVE","13"
"174","174","4000000174","B","6/14/2024 12:00:00 AM","6/14/2029 12:00:00 AM","ACTIVE","14"
"175","175","4000000175","C","10/7/2021 12:00:00 AM","10/7/2026 12:00:00 AM","ACTIVE","15"
"176","176","4000000176","D","12/28/2019 12:00:00 AM","12/28/2024 12:00:00 AM","EXPIRED","16"
"177","177","4000000177","A","1/27/2023 12:00:00 AM","1/27/2028 12:00:00 AM","ACTIVE","17"
"178","178","4000000178","B","11/6/2023 12:00:00 AM","11/6/2028 12:00:00 AM","ACTIVE","18"
"179","179","4000000179","C","12/5/2020 12:00:00 AM","12/5/2025 12:00:00 AM","EXPIRED","19"
"180","180","4000000180","D","12/7/2020 12:00:00 AM","12/7/2025 12:00:00 AM","EXPIRED","20"
"181","181","4000000181","A","6/27/2022 12:00:00 AM","6/27/2027 12:00:00 AM","ACTIVE","1"
"182","182","4000000182","B","12/11/2023 12:00:00 AM","12/11/2028 12:00:00 AM","ACTIVE","2"
"183","183","4000000183","C","3/21/2022 12:00:00 AM","3/21/2027 12:00:00 AM","ACTIVE","3"
"184","184","4000000184","D","7/15/2019 12:00:00 AM","7/15/2024 12:00:00 AM","EXPIRED","4"
"185","185","4000000185","A","5/20/2021 12:00:00 AM","5/20/2026 12:00:00 AM","EXPIRED","5"
"186","186","4000000186","B","4/5/2020 12:00:00 AM","4/5/2025 12:00:00 AM","EXPIRED","6"
"187","187","4000000187","C","1/24/2024 12:00:00 AM","1/24/2029 12:00:00 AM","ACTIVE","7"
"188","188","4000000188","D","9/8/2024 12:00:00 AM","9/8/2029 12:00:00 AM","ACTIVE","8"
"189","189","4000000189","A","12/11/2020 12:00:00 AM","12/11/2025 12:00:00 AM","EXPIRED","9"
"190","190","4000000190","B","1/23/2020 12:00:00 AM","1/23/2025 12:00:00 AM","EXPIRED","10"
"191","191","4000000191","C","7/15/2023 12:00:00 AM","7/15/2028 12:00:00 AM","ACTIVE","11"
"192","192","4000000192","D","5/29/2019 12:00:00 AM","5/29/2024 12:00:00 AM","EXPIRED","12"
"193","193","4000000193","A","11/30/2023 12:00:00 AM","11/30/2028 12:00:00 AM","ACTIVE","13"
"194","194","4000000194","B","9/5/2019 12:00:00 AM","9/5/2024 12:00:00 AM","EXPIRED","14"
"195","195","4000000195","C","7/18/2024 12:00:00 AM","7/18/2029 12:00:00 AM","ACTIVE","15"
"196","196","4000000196","D","10/25/2019 12:00:00 AM","10/25/2024 12:00:00 AM","EXPIRED","16"
"197","197","4000000197","A","1/3/2023 12:00:00 AM","1/3/2028 12:00:00 AM","ACTIVE","17"
"198","198","4000000198","B","7/22/2024 12:00:00 AM","7/22/2029 12:00:00 AM","ACTIVE","18"
"199","199","4000000199","C","3/28/2022 12:00:00 AM","3/28/2027 12:00:00 AM","ACTIVE","19"
"200","200","4000000200","D","2/14/2021 12:00:00 AM","2/14/2026 12:00:00 AM","EXPIRED","20"
"201","201","4000000201","A","8/20/2024 12:00:00 AM","8/20/2029 12:00:00 AM","ACTIVE","1"
"202","202","4000000202","B","6/13/2020 12:00:00 AM","6/13/2025 12:00:00 AM","EXPIRED","2"
"203","203","4000000203","C","5/16/2020 12:00:00 AM","5/16/2025 12:00:00 AM","EXPIRED","3"
"204","204","4000000204","D","8/13/2020 12:00:00 AM","8/13/2025 12:00:00 AM","EXPIRED","4"
"205","205","4000000205","A","8/30/2022 12:00:00 AM","8/30/2027 12:00:00 AM","ACTIVE","5"
"206","206","4000000206","B","1/3/2019 12:00:00 AM","1/3/2024 12:00:00 AM","EXPIRED","6"
"207","207","4000000207","C","6/3/2023 12:00:00 AM","6/3/2028 12:00:00 AM","ACTIVE","7"
"208","208","4000000208","D","2/5/2021 12:00:00 AM","2/5/2026 12:00:00 AM","EXPIRED","8"
"209","209","4000000209","A","4/19/2023 12:00:00 AM","4/19/2028 12:00:00 AM","ACTIVE","9"
"210","210","4000000210","B","4/25/2022 12:00:00 AM","4/25/2027 12:00:00 AM","ACTIVE","10"
"211","211","4000000211","C","3/7/2024 12:00:00 AM","3/7/2029 12:00:00 AM","ACTIVE","11"
"212","212","4000000212","D","5/13/2020 12:00:00 AM","5/13/2025 12:00:00 AM","EXPIRED","12"
"213","213","4000000213","A","8/4/2022 12:00:00 AM","8/4/2027 12:00:00 AM","ACTIVE","13"
"214","214","4000000214","B","9/30/2023 12:00:00 AM","9/30/2028 12:00:00 AM","ACTIVE","14"
"215","215","4000000215","C","10/5/2022 12:00:00 AM","10/5/2027 12:00:00 AM","ACTIVE","15"
"216","216","4000000216","D","8/5/2023 12:00:00 AM","8/5/2028 12:00:00 AM","ACTIVE","16"
"217","217","4000000217","A","2/27/2024 12:00:00 AM","2/27/2029 12:00:00 AM","ACTIVE","17"
"218","218","4000000218","B","7/2/2021 12:00:00 AM","7/2/2026 12:00:00 AM","EXPIRED","18"
"219","219","4000000219","C","2/11/2022 12:00:00 AM","2/11/2027 12:00:00 AM","ACTIVE","19"
"220","220","4000000220","D","4/2/2024 12:00:00 AM","4/2/2029 12:00:00 AM","ACTIVE","20"
"221","221","4000000221","A","1/1/2021 12:00:00 AM","1/1/2026 12:00:00 AM","EXPIRED","1"
"222","222","4000000222","B","12/11/2023 12:00:00 AM","12/11/2028 12:00:00 AM","ACTIVE","2"
"223","223","4000000223","C","4/11/2024 12:00:00 AM","4/11/2029 12:00:00 AM","ACTIVE","3"
"224","224","4000000224","D","5/8/2020 12:00:00 AM","5/8/2025 12:00:00 AM","EXPIRED","4"
"225","225","4000000225","A","5/12/2024 12:00:00 AM","5/12/2029 12:00:00 AM","ACTIVE","5"
"226","226","4000000226","B","8/25/2022 12:00:00 AM","8/25/2027 12:00:00 AM","ACTIVE","6"
"227","227","4000000227","C","11/6/2021 12:00:00 AM","11/6/2026 12:00:00 AM","ACTIVE","7"
"228","228","4000000228","D","8/4/2021 12:00:00 AM","8/4/2026 12:00:00 AM","ACTIVE","8"
"229","229","4000000229","A","12/6/2024 12:00:00 AM","12/6/2029 12:00:00 AM","ACTIVE","9"
"230","230","4000000230","B","12/14/2020 12:00:00 AM","12/14/2025 12:00:00 AM","EXPIRED","10"
"231","231","4000000231","C","1/2/2022 12:00:00 AM","1/2/2027 12:00:00 AM","ACTIVE","11"
"232","232","4000000232","D","7/16/2023 12:00:00 AM","7/16/2028 12:00:00 AM","ACTIVE","12"
"233","233","4000000233","A","8/10/2020 12:00:00 AM","8/10/2025 12:00:00 AM","EXPIRED","13"
"234","234","4000000234","B","10/29/2024 12:00:00 AM","10/29/2029 12:00:00 AM","ACTIVE","14"
"235","235","4000000235","C","4/28/2021 12:00:00 AM","4/28/2026 12:00:00 AM","EXPIRED","15"
"236","236","4000000236","D","1/14/2021 12:00:00 AM","1/14/2026 12:00:00 AM","EXPIRED","16"
"237","237","4000000237","A","7/28/2022 12:00:00 AM","7/28/2027 12:00:00 AM","ACTIVE","17"
"238","238","4000000238","B","8/7/2020 12:00:00 AM","8/7/2025 12:00:00 AM","EXPIRED","18"
"239","239","4000000239","C","11/23/2021 12:00:00 AM","11/23/2026 12:00:00 AM","ACTIVE","19"
"240","240","4000000240","D","5/17/2021 12:00:00 AM","5/17/2026 12:00:00 AM","EXPIRED","20"
"241","241","4000000241","A","11/11/2021 12:00:00 AM","11/11/2026 12:00:00 AM","ACTIVE","1"
"242","242","4000000242","B","12/18/2021 12:00:00 AM","12/18/2026 12:00:00 AM","ACTIVE","2"
"243","243","4000000243","C","5/22/2020 12:00:00 AM","5/22/2025 12:00:00 AM","EXPIRED","3"
"244","244","4000000244","D","8/28/2023 12:00:00 AM","8/28/2028 12:00:00 AM","ACTIVE","4"
"245","245","4000000245","A","11/25/2020 12:00:00 AM","11/25/2025 12:00:00 AM","EXPIRED","5"
"246","246","4000000246","B","3/4/2022 12:00:00 AM","3/4/2027 12:00:00 AM","ACTIVE","6"
"247","247","4000000247","C","11/2/2021 12:00:00 AM","11/2/2026 12:00:00 AM","ACTIVE","7"
"248","248","4000000248","D","3/3/2019 12:00:00 AM","3/3/2024 12:00:00 AM","EXPIRED","8"
"249","249","4000000249","A","12/10/2021 12:00:00 AM","12/10/2026 12:00:00 AM","ACTIVE","9"
"250","250","4000000250","B","12/14/2019 12:00:00 AM","12/14/2024 12:00:00 AM","EXPIRED","10"
"251","251","4000000251","C","9/5/2020 12:00:00 AM","9/5/2025 12:00:00 AM","EXPIRED","11"
"252","252","4000000252","D","7/3/2020 12:00:00 AM","7/3/2025 12:00:00 AM","EXPIRED","12"
"253","253","4000000253","A","6/10/2021 12:00:00 AM","6/10/2026 12:00:00 AM","EXPIRED","13"
"254","254","4000000254","B","1/3/2023 12:00:00 AM","1/3/2028 12:00:00 AM","ACTIVE","14"
"255","255","4000000255","C","2/14/2019 12:00:00 AM","2/14/2024 12:00:00 AM","EXPIRED","15"
"256","256","4000000256","D","9/10/2019 12:00:00 AM","9/10/2024 12:00:00 AM","EXPIRED","16"
"257","257","4000000257","A","3/13/2021 12:00:00 AM","3/13/2026 12:00:00 AM","EXPIRED","17"
"258","258","4000000258","B","1/8/2019 12:00:00 AM","1/8/2024 12:00:00 AM","EXPIRED","18"
"259","259","4000000259","C","4/11/2021 12:00:00 AM","4/11/2026 12:00:00 AM","EXPIRED","19"
"260","260","4000000260","D","1/5/2019 12:00:00 AM","1/5/2024 12:00:00 AM","EXPIRED","20"
"261","261","4000000261","A","3/8/2022 12:00:00 AM","3/8/2027 12:00:00 AM","ACTIVE","1"
"262","262","4000000262","B","10/30/2020 12:00:00 AM","10/30/2025 12:00:00 AM","EXPIRED","2"
"263","263","4000000263","C","3/11/2021 12:00:00 AM","3/11/2026 12:00:00 AM","EXPIRED","3"
"264","264","4000000264","D","5/5/2021 12:00:00 AM","5/5/2026 12:00:00 AM","EXPIRED","4"
"265","265","4000000265","A","4/23/2019 12:00:00 AM","4/23/2024 12:00:00 AM","EXPIRED","5"
"266","266","4000000266","B","8/23/2019 12:00:00 AM","8/23/2024 12:00:00 AM","EXPIRED","6"
"267","267","4000000267","C","10/11/2024 12:00:00 AM","10/11/2029 12:00:00 AM","ACTIVE","7"
"268","268","4000000268","D","10/15/2022 12:00:00 AM","10/15/2027 12:00:00 AM","ACTIVE","8"
"269","269","4000000269","A","6/3/2021 12:00:00 AM","6/3/2026 12:00:00 AM","EXPIRED","9"
"270","270","4000000270","B","9/20/2020 12:00:00 AM","9/20/2025 12:00:00 AM","EXPIRED","10"
"271","271","4000000271","C","1/9/2020 12:00:00 AM","1/9/2025 12:00:00 AM","EXPIRED","11"
"272","272","4000000272","D","7/22/2022 12:00:00 AM","7/22/2027 12:00:00 AM","ACTIVE","12"
"273","273","4000000273","A","8/18/2024 12:00:00 AM","8/18/2029 12:00:00 AM","ACTIVE","13"
"274","274","4000000274","B","9/28/2019 12:00:00 AM","9/28/2024 12:00:00 AM","EXPIRED","14"
"275","275","4000000275","C","5/22/2021 12:00:00 AM","5/22/2026 12:00:00 AM","EXPIRED","15"
"276","276","4000000276","D","1/23/2024 12:00:00 AM","1/23/2029 12:00:00 AM","ACTIVE","16"
"277","277","4000000277","A","7/21/2022 12:00:00 AM","7/21/2027 12:00:00 AM","ACTIVE","17"
"278","278","4000000278","B","8/16/2019 12:00:00 AM","8/16/2024 12:00:00 AM","EXPIRED","18"
"279","279","4000000279","C","6/22/2024 12:00:00 AM","6/22/2029 12:00:00 AM","ACTIVE","19"
"280","280","4000000280","D","3/11/2021 12:00:00 AM","3/11/2026 12:00:00 AM","EXPIRED","20"
"281","281","4000000281","A","10/23/2019 12:00:00 AM","10/23/2024 12:00:00 AM","EXPIRED","1"
"282","282","4000000282","B","9/5/2021 12:00:00 AM","9/5/2026 12:00:00 AM","ACTIVE","2"
"283","283","4000000283","C","9/2/2024 12:00:00 AM","9/2/2029 12:00:00 AM","ACTIVE","3"
"284","284","4000000284","D","12/24/2023 12:00:00 AM","12/24/2028 12:00:00 AM","ACTIVE","4"
"285","285","4000000285","A","4/11/2019 12:00:00 AM","4/11/2024 12:00:00 AM","EXPIRED","5"
"286","286","4000000286","B","7/1/2020 12:00:00 AM","7/1/2025 12:00:00 AM","EXPIRED","6"
"287","287","4000000287","C","2/5/2021 12:00:00 AM","2/5/2026 12:00:00 AM","EXPIRED","7"
"288","288","4000000288","D","8/17/2022 12:00:00 AM","8/17/2027 12:00:00 AM","ACTIVE","8"
"289","289","4000000289","A","9/15/2024 12:00:00 AM","9/15/2029 12:00:00 AM","ACTIVE","9"
"290","290","4000000290","B","8/19/2020 12:00:00 AM","8/19/2025 12:00:00 AM","EXPIRED","10"
"291","291","4000000291","C","11/12/2024 12:00:00 AM","11/12/2029 12:00:00 AM","ACTIVE","11"
"292","292","4000000292","D","7/20/2022 12:00:00 AM","7/20/2027 12:00:00 AM","ACTIVE","12"
"293","293","4000000293","A","5/6/2024 12:00:00 AM","5/6/2029 12:00:00 AM","ACTIVE","13"
"294","294","4000000294","B","11/18/2021 12:00:00 AM","11/18/2026 12:00:00 AM","ACTIVE","14"
"295","295","4000000295","C","3/19/2024 12:00:00 AM","3/19/2029 12:00:00 AM","ACTIVE","15"
"296","296","4000000296","D","1/13/2020 12:00:00 AM","1/13/2025 12:00:00 AM","EXPIRED","16"
"297","297","4000000297","A","10/10/2019 12:00:00 AM","10/10/2024 12:00:00 AM","EXPIRED","17"
"298","298","4000000298","B","1/26/2024 12:00:00 AM","1/26/2029 12:00:00 AM","ACTIVE","18"
"299","299","4000000299","C","5/7/2023 12:00:00 AM","5/7/2028 12:00:00 AM","ACTIVE","19"
"300","300","4000000300","D","4/4/2020 12:00:00 AM","4/4/2025 12:00:00 AM","EXPIRED","20"
"301","301","4000000301","A","6/1/2022 12:00:00 AM","6/1/2027 12:00:00 AM","ACTIVE","1"
"302","302","4000000302","B","1/28/2024 12:00:00 AM","1/28/2029 12:00:00 AM","ACTIVE","2"
"303","303","4000000303","C","10/8/2022 12:00:00 AM","10/8/2027 12:00:00 AM","ACTIVE","3"
"304","304","4000000304","D","3/21/2020 12:00:00 AM","3/21/2025 12:00:00 AM","EXPIRED","4"
"305","305","4000000305","A","12/13/2024 12:00:00 AM","12/13/2029 12:00:00 AM","ACTIVE","5"
"306","306","4000000306","B","2/24/2023 12:00:00 AM","2/24/2028 12:00:00 AM","ACTIVE","6"
"307","307","4000000307","C","11/24/2020 12:00:00 AM","11/24/2025 12:00:00 AM","EXPIRED","7"
"308","308","4000000308","D","9/13/2020 12:00:00 AM","9/13/2025 12:00:00 AM","EXPIRED","8"
"309","309","4000000309","A","8/13/2020 12:00:00 AM","8/13/2025 12:00:00 AM","EXPIRED","9"
"310","310","4000000310","B","1/31/2020 12:00:00 AM","1/31/2025 12:00:00 AM","EXPIRED","10"
"311","311","4000000311","C","2/28/2022 12:00:00 AM","2/28/2027 12:00:00 AM","ACTIVE","11"
"312","312","4000000312","D","7/28/2020 12:00:00 AM","7/28/2025 12:00:00 AM","EXPIRED","12"
"313","313","4000000313","A","7/28/2019 12:00:00 AM","7/28/2024 12:00:00 AM","EXPIRED","13"
"314","314","4000000314","B","2/1/2019 12:00:00 AM","2/1/2024 12:00:00 AM","EXPIRED","14"
"315","315","4000000315","C","3/24/2024 12:00:00 AM","3/24/2029 12:00:00 AM","ACTIVE","15"
"316","316","4000000316","D","7/3/2019 12:00:00 AM","7/3/2024 12:00:00 AM","EXPIRED","16"
"317","317","4000000317","A","3/7/2021 12:00:00 AM","3/7/2026 12:00:00 AM","EXPIRED","17"
"318","318","4000000318","B","3/27/2022 12:00:00 AM","3/27/2027 12:00:00 AM","ACTIVE","18"
"319","319","4000000319","C","1/25/2021 12:00:00 AM","1/25/2026 12:00:00 AM","EXPIRED","19"
"320","320","4000000320","D","10/31/2023 12:00:00 AM","10/31/2028 12:00:00 AM","ACTIVE","20"
"321","321","4000000321","A","7/27/2023 12:00:00 AM","7/27/2028 12:00:00 AM","ACTIVE","1"
"322","322","4000000322","B","2/25/2021 12:00:00 AM","2/25/2026 12:00:00 AM","EXPIRED","2"
"323","323","4000000323","C","2/7/2023 12:00:00 AM","2/7/2028 12:00:00 AM","ACTIVE","3"
"324","324","4000000324","D","10/16/2019 12:00:00 AM","10/16/2024 12:00:00 AM","EXPIRED","4"
"325","325","4000000325","A","11/17/2020 12:00:00 AM","11/17/2025 12:00:00 AM","EXPIRED","5"
"326","326","4000000326","B","7/1/2022 12:00:00 AM","7/1/2027 12:00:00 AM","ACTIVE","6"
"327","327","4000000327","C","3/26/2023 12:00:00 AM","3/26/2028 12:00:00 AM","ACTIVE","7"
"328","328","4000000328","D","9/30/2021 12:00:00 AM","9/30/2026 12:00:00 AM","ACTIVE","8"
"329","329","4000000329","A","7/19/2020 12:00:00 AM","7/19/2025 12:00:00 AM","EXPIRED","9"
"330","330","4000000330","B","5/10/2020 12:00:00 AM","5/10/2025 12:00:00 AM","EXPIRED","10"
"331","331","4000000331","C","4/16/2023 12:00:00 AM","4/16/2028 12:00:00 AM","ACTIVE","11"
"332","332","4000000332","D","7/5/2023 12:00:00 AM","7/5/2028 12:00:00 AM","ACTIVE","12"
"333","333","4000000333","A","4/19/2021 12:00:00 AM","4/19/2026 12:00:00 AM","EXPIRED","13"
"334","334","4000000334","B","3/20/2023 12:00:00 AM","3/20/2028 12:00:00 AM","ACTIVE","14"
"335","335","4000000335","C","10/19/2023 12:00:00 AM","10/19/2028 12:00:00 AM","ACTIVE","15"
"336","336","4000000336","D","10/4/2020 12:00:00 AM","10/4/2025 12:00:00 AM","EXPIRED","16"
"337","337","4000000337","A","12/8/2023 12:00:00 AM","12/8/2028 12:00:00 AM","ACTIVE","17"
"338","338","4000000338","B","6/14/2023 12:00:00 AM","6/14/2028 12:00:00 AM","ACTIVE","18"
"339","339","4000000339","C","1/20/2024 12:00:00 AM","1/20/2029 12:00:00 AM","ACTIVE","19"
"340","340","4000000340","D","2/23/2021 12:00:00 AM","2/23/2026 12:00:00 AM","EXPIRED","20"
"341","341","4000000341","A","8/16/2024 12:00:00 AM","8/16/2029 12:00:00 AM","ACTIVE","1"
"342","342","4000000342","B","5/26/2019 12:00:00 AM","5/26/2024 12:00:00 AM","EXPIRED","2"
"343","343","4000000343","C","1/3/2021 12:00:00 AM","1/3/2026 12:00:00 AM","EXPIRED","3"
"344","344","4000000344","D","8/16/2023 12:00:00 AM","8/16/2028 12:00:00 AM","ACTIVE","4"
"345","345","4000000345","A","6/30/2023 12:00:00 AM","6/30/2028 12:00:00 AM","ACTIVE","5"
"346","346","4000000346","B","4/17/2023 12:00:00 AM","4/17/2028 12:00:00 AM","ACTIVE","6"
"347","347","4000000347","C","12/23/2021 12:00:00 AM","12/23/2026 12:00:00 AM","ACTIVE","7"
"348","348","4000000348","D","4/5/2024 12:00:00 AM","4/5/2029 12:00:00 AM","ACTIVE","8"
"349","349","4000000349","A","9/5/2022 12:00:00 AM","9/5/2027 12:00:00 AM","ACTIVE","9"
"350","350","4000000350","B","9/18/2023 12:00:00 AM","9/18/2028 12:00:00 AM","ACTIVE","10"
"351","351","4000000351","C","11/16/2023 12:00:00 AM","11/16/2028 12:00:00 AM","ACTIVE","11"
"352","352","4000000352","D","7/24/2022 12:00:00 AM","7/24/2027 12:00:00 AM","ACTIVE","12"
"353","353","4000000353","A","1/1/2022 12:00:00 AM","1/1/2027 12:00:00 AM","ACTIVE","13"
"354","354","4000000354","B","7/15/2024 12:00:00 AM","7/15/2029 12:00:00 AM","ACTIVE","14"
"355","355","4000000355","C","9/18/2021 12:00:00 AM","9/18/2026 12:00:00 AM","ACTIVE","15"
"356","356","4000000356","D","4/5/2020 12:00:00 AM","4/5/2025 12:00:00 AM","EXPIRED","16"
"357","357","4000000357","A","12/22/2019 12:00:00 AM","12/22/2024 12:00:00 AM","EXPIRED","17"
"358","358","4000000358","B","12/23/2021 12:00:00 AM","12/23/2026 12:00:00 AM","ACTIVE","18"
"359","359","4000000359","C","5/13/2024 12:00:00 AM","5/13/2029 12:00:00 AM","ACTIVE","19"
"360","360","4000000360","D","6/15/2021 12:00:00 AM","6/15/2026 12:00:00 AM","EXPIRED","20"
